feature_prc,features_elimination_prc,epsilon_factor,dist_functions,accuracy,round_time
0.05,0.0,"[25, 25]",wasserstein,0.162,0.757335
0.05,0.0,"[25, 25]","['wasserstein', 'jm']",0.1615,2.003203
0.05,0.0,"[25, 25]","['wasserstein', 'hellinger']",0.1612,2.808842
0.05,0.2,"[25, 25]","['wasserstein', 'jm']",0.161094,3.563456
0.05,0.0,"[100, 10]","['wasserstein', 'jm']",0.161091,3.129383
0.05,0.2,"[25, 25]","['wasserstein', 'hellinger']",0.161061,3.639845
0.05,0.0,"[25, 25]",jm,0.161,0.687242
0.05,0.0,"[25, 25]","['jm', 'hellinger']",0.161,3.346818
0.05,0.0,"[100, 10]",wasserstein,0.161,3.397242
0.05,0.0,"[100, 10]","['wasserstein', 'hellinger']",0.161,3.374783
0.05,0.0,"[50, 50]","['wasserstein', 'jm']",0.161,3.387178
0.05,0.0,"[10, 100]","['wasserstein', 'jm']",0.16096,3.497203
0.05,0.0,"[50, 50]","['wasserstein', 'hellinger']",0.160947,3.527507
0.05,0.0,"[50, 50]",wasserstein,0.160933,3.582167
0.05,0.0,"[100, 10]","['jm', 'hellinger']",0.160923,3.584161
0.05,0.0,"[10, 100]","['wasserstein', 'hellinger']",0.160923,3.596613
0.05,0.0,"[10, 100]",wasserstein,0.160909,3.644426
0.05,0.0,"[50, 50]","['jm', 'hellinger']",0.1609,3.653975
0.05,0.2,"[25, 25]",wasserstein,0.160897,3.681817
0.05,0.0,"[100, 10]",jm,0.160889,3.086253
0.05,0.0,"[10, 100]","['jm', 'hellinger']",0.160889,3.690205
0.05,0.0,"[50, 50]",jm,0.160875,3.395913
0.05,0.0,"[10, 100]",jm,0.16087,3.512264
0.05,0.2,"[25, 25]",jm,0.160867,3.579262
0.05,0.0,"[25, 25]","['wasserstein', 'jm', 'hellinger']",0.160857,3.776765
0.05,0.0,"[100, 10]","['wasserstein', 'jm', 'hellinger']",0.160857,3.786304
0.05,0.0,"[50, 50]","['wasserstein', 'jm', 'hellinger']",0.160857,3.782689
0.05,0.0,"[10, 100]","['wasserstein', 'jm', 'hellinger']",0.160857,3.786611
0.05,0.2,"[25, 25]","['jm', 'hellinger']",0.160853,3.711319
0.05,0.2,"[100, 10]","['wasserstein', 'jm']",0.160744,3.603238
0.05,0.2,"[25, 25]",hellinger,0.160742,3.482898
0.05,0.2,"[100, 10]","['wasserstein', 'hellinger']",0.160725,3.664077
0.05,0.2,"[100, 10]","['jm', 'hellinger']",0.160561,3.722461
0.05,0.2,"[100, 10]",wasserstein,0.160556,3.702642
0.05,0.2,"[100, 10]",jm,0.160541,3.618798
0.05,0.2,"[25, 25]","['wasserstein', 'jm', 'hellinger']",0.160514,3.787405
0.05,0.0,"[10, 100]",hellinger,0.1605,3.390376
0.05,0.2,"[50, 50]","['wasserstein', 'jm']",0.1605,3.630446
0.05,0.2,"[50, 50]","['wasserstein', 'hellinger']",0.160489,3.682493
0.05,0.2,"[100, 10]",hellinger,0.160447,3.538738
0.05,0.2,"[50, 50]","['jm', 'hellinger']",0.160354,3.731924
0.05,0.0,"[50, 50]",hellinger,0.160353,3.230257
0.05,0.2,"[50, 50]",wasserstein,0.160326,3.714629
0.05,0.2,"[10, 100]","['wasserstein', 'jm']",0.160321,3.650216
0.05,0.2,"[50, 50]",jm,0.160318,3.644145
0.05,0.2,"[10, 100]","['wasserstein', 'hellinger']",0.160315,3.694949
0.05,0.2,"[100, 10]","['wasserstein', 'jm', 'hellinger']",0.160286,3.785285
0.05,0.2,"[50, 50]",hellinger,0.160244,3.576784
0.05,0.2,"[10, 100]","['jm', 'hellinger']",0.1602,3.737958
0.05,0.2,"[10, 100]",wasserstein,0.16016,3.724417
0.05,0.35,"[25, 25]",wasserstein,0.160158,3.731314
0.05,0.2,"[10, 100]",jm,0.160157,3.663019
0.05,0.2,"[50, 50]","['wasserstein', 'jm', 'hellinger']",0.160122,3.78547
0.05,0.2,"[10, 100]",hellinger,0.160096,3.60379
0.05,0.0,"[100, 10]",hellinger,0.16,2.837062
0.05,0.2,"[10, 100]","['wasserstein', 'jm', 'hellinger']",0.16,3.78456
0.05,0.35,"[100, 10]",wasserstein,0.159969,3.762478
0.05,0.35,"[25, 25]","['jm', 'hellinger']",0.159919,3.745374
0.05,0.35,"[25, 25]",jm,0.159914,3.677309
0.05,0.35,"[25, 25]","['wasserstein', 'jm']",0.159833,3.66579
0.05,0.35,"[25, 25]","['wasserstein', 'jm', 'hellinger']",0.159825,3.810782
0.05,0.35,"[50, 50]",wasserstein,0.159817,3.750665
0.05,0.35,"[100, 10]","['jm', 'hellinger']",0.159768,3.760295
0.05,0.35,"[25, 25]",hellinger,0.159763,3.624822
0.05,0.35,"[100, 10]",jm,0.159754,3.713663
0.05,0.35,"[25, 25]","['wasserstein', 'hellinger']",0.159738,3.705248
0.05,0.35,"[10, 100]",wasserstein,0.159692,3.754575
0.05,0.35,"[100, 10]","['wasserstein', 'jm']",0.159687,3.698631
0.05,0.35,"[100, 10]","['wasserstein', 'jm', 'hellinger']",0.159686,3.794146
0.05,0.35,"[50, 50]","['jm', 'hellinger']",0.159645,3.759437
0.05,0.35,"[50, 50]",jm,0.159625,3.706566
0.05,0.35,"[100, 10]",hellinger,0.159621,3.665908
0.05,0.35,"[100, 10]","['wasserstein', 'hellinger']",0.159603,3.729847
0.05,0.5,"[25, 25]",wasserstein,0.1596,3.758327
0.05,0.35,"[50, 50]","['wasserstein', 'jm', 'hellinger']",0.159571,3.793385
0.05,0.35,"[50, 50]","['wasserstein', 'jm']",0.159568,3.696281
0.05,0.35,"[10, 100]","['jm', 'hellinger']",0.159542,3.762832
0.05,0.35,"[10, 100]",jm,0.159519,3.714503
0.05,0.35,"[50, 50]",hellinger,0.159507,3.66369
0.05,0.35,"[50, 50]","['wasserstein', 'hellinger']",0.159493,3.728263
0.05,0.35,"[10, 100]","['wasserstein', 'jm', 'hellinger']",0.159476,3.794135
0.05,0.35,"[10, 100]","['wasserstein', 'jm']",0.159469,3.705439
0.05,0.35,"[10, 100]",hellinger,0.159412,3.675433
0.05,0.35,"[10, 100]","['wasserstein', 'hellinger']",0.159402,3.734619
0.05,0.5,"[25, 25]",jm,0.159395,3.721671
0.05,0.5,"[25, 25]",hellinger,0.159333,3.685629
0.05,0.5,"[100, 10]",wasserstein,0.159293,3.760412
0.05,0.5,"[25, 25]","['jm', 'hellinger']",0.159256,3.76466
0.05,0.5,"[25, 25]","['wasserstein', 'jm']",0.159227,3.712622
0.05,0.5,"[25, 25]","['wasserstein', 'jm', 'hellinger']",0.159176,3.793603
0.05,0.5,"[25, 25]","['wasserstein', 'hellinger']",0.159146,3.738879
0.05,0.5,"[100, 10]",jm,0.159108,3.726723
0.05,0.5,"[100, 10]",hellinger,0.159053,3.693238
0.05,0.5,"[50, 50]",wasserstein,0.15903,3.763492
0.05,0.5,"[100, 10]","['jm', 'hellinger']",0.15899,3.767463
0.05,0.5,"[100, 10]","['wasserstein', 'jm']",0.158958,3.718317
0.05,0.5,"[100, 10]","['wasserstein', 'jm', 'hellinger']",0.158918,3.794284
0.05,0.5,"[100, 10]","['wasserstein', 'hellinger']",0.158885,3.743478
0.05,0.5,"[50, 50]",jm,0.15886,3.731821
0.05,0.5,"[50, 50]",hellinger,0.158812,3.700729
0.05,0.5,"[10, 100]",wasserstein,0.158802,3.764886
0.05,0.5,"[50, 50]","['jm', 'hellinger']",0.15876,3.768945
0.05,0.5,"[50, 50]","['wasserstein', 'jm']",0.158725,3.723896
0.05,0.5,"[50, 50]","['wasserstein', 'jm', 'hellinger']",0.158695,3.793745
0.05,0.5,"[50, 50]","['wasserstein', 'hellinger']",0.15866,3.746588
0.05,0.5,"[10, 100]",jm,0.158645,3.73532
0.05,0.5,"[10, 100]",hellinger,0.158602,3.706274
0.05,0.5,"[10, 100]","['jm', 'hellinger']",0.158559,3.769985
0.05,0.5,"[10, 100]","['wasserstein', 'jm']",0.158523,3.727943
0.05,0.5,"[10, 100]","['wasserstein', 'jm', 'hellinger']",0.1585,3.793376
0.05,0.5,"[10, 100]","['wasserstein', 'hellinger']",0.158464,3.749287
0.05,0.0,"[25, 25]",hellinger,0.158,0.653741
0.1,0.5,"[10, 100]","['wasserstein', 'jm', 'hellinger']",0.181969,3.794684
0.1,0.5,"[10, 100]","['jm', 'hellinger']",0.181906,3.783055
0.1,0.5,"[10, 100]","['wasserstein', 'hellinger']",0.181874,3.772703
0.1,0.5,"[10, 100]","['wasserstein', 'jm']",0.181719,3.761975
0.1,0.5,"[10, 100]",hellinger,0.181618,3.75143
0.1,0.5,"[10, 100]",jm,0.181443,3.765939
0.1,0.5,"[10, 100]",wasserstein,0.181349,3.780459
0.1,0.5,"[50, 50]","['wasserstein', 'jm', 'hellinger']",0.181244,3.794471
0.1,0.5,"[50, 50]","['jm', 'hellinger']",0.181139,3.782349
0.1,0.5,"[50, 50]","['wasserstein', 'hellinger']",0.18107,3.77146
0.1,0.5,"[50, 50]","['wasserstein', 'jm']",0.180888,3.76068
0.1,0.5,"[50, 50]",hellinger,0.180779,3.749761
0.1,0.5,"[50, 50]",jm,0.180613,3.764779
0.1,0.5,"[50, 50]",wasserstein,0.180512,3.7797
0.1,0.5,"[100, 10]","['wasserstein', 'jm', 'hellinger']",0.1804,3.794211
0.1,0.5,"[100, 10]","['jm', 'hellinger']",0.180287,3.781741
0.1,0.5,"[100, 10]","['wasserstein', 'hellinger']",0.180212,3.770833
0.1,0.5,"[100, 10]","['wasserstein', 'jm']",0.180019,3.759624
0.1,0.5,"[100, 10]",hellinger,0.179903,3.748324
0.1,0.5,"[100, 10]",jm,0.179727,3.763689
0.1,0.5,"[100, 10]",wasserstein,0.179618,3.779153
0.1,0.5,"[25, 25]","['wasserstein', 'jm', 'hellinger']",0.179498,3.79412
0.1,0.5,"[25, 25]","['jm', 'hellinger']",0.179441,3.780762
0.1,0.5,"[25, 25]","['wasserstein', 'hellinger']",0.179318,3.769217
0.1,0.5,"[25, 25]","['wasserstein', 'jm']",0.17912,3.757623
0.1,0.5,"[25, 25]",hellinger,0.178995,3.745929
0.1,0.5,"[25, 25]",jm,0.178788,3.761933
0.1,0.5,"[25, 25]",wasserstein,0.17867,3.777995
0.1,0.35,"[10, 100]","['wasserstein', 'jm', 'hellinger']",0.178541,3.793477
0.1,0.35,"[10, 100]","['jm', 'hellinger']",0.178462,3.780232
0.1,0.35,"[10, 100]","['wasserstein', 'hellinger']",0.178454,3.768407
0.1,0.35,"[10, 100]","['wasserstein', 'jm']",0.178316,3.756389
0.1,0.35,"[10, 100]",hellinger,0.178151,3.744264
0.1,0.35,"[10, 100]",jm,0.177995,3.760912
0.1,0.35,"[10, 100]",wasserstein,0.177821,3.777299
0.1,0.35,"[50, 50]","['wasserstein', 'jm', 'hellinger']",0.177635,3.793339
0.1,0.35,"[50, 50]","['jm', 'hellinger']",0.177548,3.779485
0.1,0.35,"[50, 50]","['wasserstein', 'hellinger']",0.177529,3.76713
0.1,0.35,"[50, 50]","['wasserstein', 'jm']",0.177409,3.75469
0.1,0.35,"[50, 50]",hellinger,0.177232,3.742173
0.1,0.35,"[50, 50]",jm,0.177065,3.759354
0.1,0.35,"[50, 50]",wasserstein,0.17688,3.776618
0.1,0.35,"[100, 10]","['wasserstein', 'jm', 'hellinger']",0.176681,3.793326
0.1,0.35,"[100, 10]","['jm', 'hellinger']",0.176586,3.778993
0.1,0.35,"[100, 10]","['wasserstein', 'hellinger']",0.176561,3.766195
0.1,0.35,"[100, 10]","['wasserstein', 'jm']",0.17643,3.753332
0.1,0.35,"[100, 10]",hellinger,0.176242,3.740322
0.1,0.35,"[100, 10]",jm,0.176062,3.758188
0.1,0.35,"[100, 10]",wasserstein,0.175864,3.776249
0.1,0.35,"[25, 25]","['wasserstein', 'jm', 'hellinger']",0.175651,3.793483
0.1,0.35,"[25, 25]","['jm', 'hellinger']",0.175546,3.778632
0.1,0.35,"[25, 25]","['wasserstein', 'hellinger']",0.175514,3.765033
0.1,0.35,"[25, 25]","['wasserstein', 'jm']",0.175372,3.751781
0.1,0.35,"[25, 25]",hellinger,0.17517,3.73819
0.1,0.35,"[25, 25]",jm,0.174976,3.756762
0.1,0.35,"[25, 25]",wasserstein,0.174763,3.77541
0.1,0.2,"[10, 100]","['wasserstein', 'jm', 'hellinger']",0.174536,3.793487
0.1,0.2,"[10, 100]","['jm', 'hellinger']",0.174425,3.777893
0.1,0.2,"[10, 100]","['wasserstein', 'hellinger']",0.174313,3.76404
0.1,0.2,"[10, 100]","['wasserstein', 'jm']",0.174103,3.750032
0.1,0.2,"[10, 100]",hellinger,0.173878,3.735792
0.1,0.2,"[10, 100]",jm,0.173681,3.755123
0.1,0.2,"[10, 100]",wasserstein,0.173414,3.774628
0.1,0.2,"[50, 50]","['wasserstein', 'jm', 'hellinger']",0.173161,3.793511
0.1,0.2,"[50, 50]","['jm', 'hellinger']",0.173025,3.77744
0.1,0.2,"[50, 50]","['wasserstein', 'hellinger']",0.172887,3.762848
0.1,0.2,"[50, 50]","['wasserstein', 'jm']",0.17262,3.74827
0.1,0.2,"[50, 50]",hellinger,0.172376,3.733337
0.1,0.2,"[50, 50]",jm,0.172199,3.753543
0.1,0.2,"[50, 50]",wasserstein,0.17191,3.773877
0.1,0.2,"[100, 10]","['wasserstein', 'jm', 'hellinger']",0.171636,3.793278
0.1,0.2,"[100, 10]","['jm', 'hellinger']",0.171484,3.776272
0.1,0.2,"[100, 10]","['wasserstein', 'hellinger']",0.171329,3.761107
0.1,0.2,"[100, 10]","['wasserstein', 'jm']",0.17104,3.745877
0.1,0.2,"[100, 10]",hellinger,0.170773,3.730355
0.1,0.2,"[100, 10]",jm,0.170577,3.751529
0.1,0.2,"[100, 10]",wasserstein,0.170264,3.772837
0.1,0.2,"[25, 25]","['wasserstein', 'jm', 'hellinger']",0.169966,3.793513
0.1,0.2,"[25, 25]","['jm', 'hellinger']",0.169801,3.775823
0.1,0.2,"[25, 25]","['wasserstein', 'hellinger']",0.169634,3.760102
0.1,0.2,"[25, 25]","['wasserstein', 'jm']",0.169326,3.744096
0.1,0.2,"[25, 25]",hellinger,0.169035,3.727876
0.1,0.2,"[25, 25]",jm,0.168817,3.750097
0.1,0.2,"[25, 25]",wasserstein,0.168475,3.7722
0.1,0.0,"[10, 100]","['wasserstein', 'jm', 'hellinger']",0.16815,3.793878
0.1,0.0,"[10, 100]","['jm', 'hellinger']",0.167849,3.775317
0.1,0.0,"[10, 100]","['wasserstein', 'hellinger']",0.167543,3.758533
0.1,0.0,"[10, 100]","['wasserstein', 'jm']",0.167153,3.74173
0.1,0.0,"[10, 100]",hellinger,0.166904,3.72464
0.1,0.0,"[10, 100]",jm,0.166763,3.74788
0.1,0.0,"[10, 100]",wasserstein,0.166396,3.771355
0.1,0.0,"[50, 50]","['wasserstein', 'jm', 'hellinger']",0.166113,3.794158
0.1,0.0,"[50, 50]","['jm', 'hellinger']",0.16578,3.774745
0.1,0.0,"[50, 50]","['wasserstein', 'hellinger']",0.165443,3.757249
0.1,0.0,"[50, 50]","['wasserstein', 'jm']",0.165015,3.739457
0.1,0.0,"[50, 50]",hellinger,0.164736,3.721261
0.1,0.0,"[50, 50]",jm,0.164578,3.745816
0.1,0.0,"[50, 50]",wasserstein,0.164173,3.770633
0.1,0.0,"[100, 10]","['wasserstein', 'jm', 'hellinger']",0.163857,3.794668
0.1,0.0,"[100, 10]","['jm', 'hellinger']",0.163488,3.772147
0.1,0.0,"[100, 10]","['wasserstein', 'hellinger']",0.163113,3.753572
0.1,0.0,"[100, 10]","['wasserstein', 'jm']",0.162642,3.734699
0.1,0.0,"[100, 10]",hellinger,0.162328,3.715595
0.1,0.0,"[100, 10]",jm,0.16214,3.741446
0.1,0.0,"[100, 10]",wasserstein,0.161692,3.767601
0.1,0.0,"[25, 25]","['wasserstein', 'jm', 'hellinger']",0.161336,3.792986
0.1,0.0,"[25, 25]","['jm', 'hellinger']",0.160924,3.771036
0.1,0.0,"[25, 25]","['wasserstein', 'hellinger']",0.160504,3.751361
0.1,0.0,"[25, 25]","['wasserstein', 'jm']",0.159983,3.731265
0.1,0.0,"[25, 25]",hellinger,0.159626,3.711074
0.1,0.0,"[25, 25]",jm,0.159404,3.738539
0.1,0.0,"[25, 25]",wasserstein,0.158903,3.766319
0.2,0.5,"[10, 100]","['wasserstein', 'jm', 'hellinger']",0.219143,3.816385
0.2,0.5,"[10, 100]","['jm', 'hellinger']",0.218922,3.808486
0.2,0.5,"[10, 100]","['wasserstein', 'hellinger']",0.218686,3.801361
0.2,0.5,"[10, 100]","['wasserstein', 'jm']",0.218399,3.794335
0.2,0.5,"[10, 100]",hellinger,0.218145,3.787266
0.2,0.5,"[10, 100]",jm,0.217973,3.796782
0.2,0.5,"[10, 100]",wasserstein,0.217761,3.806292
0.2,0.5,"[50, 50]","['wasserstein', 'jm', 'hellinger']",0.21745,3.815424
0.2,0.5,"[50, 50]","['jm', 'hellinger']",0.21721,3.807351
0.2,0.5,"[50, 50]","['wasserstein', 'hellinger']",0.216948,3.800234
0.2,0.5,"[50, 50]","['wasserstein', 'jm']",0.216696,3.792987
0.2,0.5,"[50, 50]",hellinger,0.216431,3.785775
0.2,0.5,"[50, 50]",jm,0.216188,3.795513
0.2,0.5,"[50, 50]",wasserstein,0.215904,3.805257
0.2,0.5,"[100, 10]","['wasserstein', 'jm', 'hellinger']",0.215581,3.814662
0.2,0.5,"[100, 10]","['jm', 'hellinger']",0.21533,3.80635
0.2,0.5,"[100, 10]","['wasserstein', 'hellinger']",0.215056,3.799036
0.2,0.5,"[100, 10]","['wasserstein', 'jm']",0.214799,3.791693
0.2,0.5,"[100, 10]",hellinger,0.214522,3.784326
0.2,0.5,"[100, 10]",jm,0.214281,3.794243
0.2,0.5,"[100, 10]",wasserstein,0.213994,3.804207
0.2,0.5,"[25, 25]","['wasserstein', 'jm', 'hellinger']",0.213657,3.813767
0.2,0.5,"[25, 25]","['jm', 'hellinger']",0.213411,3.805215
0.2,0.5,"[25, 25]","['wasserstein', 'hellinger']",0.213128,3.797661
0.2,0.5,"[25, 25]","['wasserstein', 'jm']",0.212804,3.790055
0.2,0.5,"[25, 25]",hellinger,0.212514,3.782448
0.2,0.5,"[25, 25]",jm,0.212255,3.792595
0.2,0.5,"[25, 25]",wasserstein,0.211945,3.802765
0.2,0.35,"[10, 100]","['wasserstein', 'jm', 'hellinger']",0.211594,3.812501
0.2,0.35,"[10, 100]","['jm', 'hellinger']",0.211427,3.803892
0.2,0.35,"[10, 100]","['wasserstein', 'hellinger']",0.211186,3.796182
0.2,0.35,"[10, 100]","['wasserstein', 'jm']",0.210902,3.788483
0.2,0.35,"[10, 100]",hellinger,0.210648,3.780754
0.2,0.35,"[10, 100]",jm,0.21029,3.791141
0.2,0.35,"[10, 100]",wasserstein,0.210023,3.801549
0.2,0.35,"[50, 50]","['wasserstein', 'jm', 'hellinger']",0.209744,3.811567
0.2,0.35,"[50, 50]","['jm', 'hellinger']",0.20955,3.802711
0.2,0.35,"[50, 50]","['wasserstein', 'hellinger']",0.209304,3.794857
0.2,0.35,"[50, 50]","['wasserstein', 'jm']",0.209013,3.786781
0.2,0.35,"[50, 50]",hellinger,0.208747,3.778771
0.2,0.35,"[50, 50]",jm,0.208395,3.789391
0.2,0.35,"[50, 50]",wasserstein,0.208088,3.800049
0.2,0.35,"[100, 10]","['wasserstein', 'jm', 'hellinger']",0.207796,3.810328
0.2,0.35,"[100, 10]","['jm', 'hellinger']",0.20759,3.801147
0.2,0.35,"[100, 10]","['wasserstein', 'hellinger']",0.207342,3.793047
0.2,0.35,"[100, 10]","['wasserstein', 'jm']",0.207038,3.784895
0.2,0.35,"[100, 10]",hellinger,0.206759,3.776642
0.2,0.35,"[100, 10]",jm,0.206381,3.787533
0.2,0.35,"[100, 10]",wasserstein,0.206059,3.798457
0.2,0.35,"[25, 25]","['wasserstein', 'jm', 'hellinger']",0.205753,3.808946
0.2,0.35,"[25, 25]","['jm', 'hellinger']",0.205535,3.799616
0.2,0.35,"[25, 25]","['wasserstein', 'hellinger']",0.205253,3.791246
0.2,0.35,"[25, 25]","['wasserstein', 'jm']",0.204926,3.782682
0.2,0.35,"[25, 25]",hellinger,0.204633,3.774266
0.2,0.35,"[25, 25]",jm,0.204241,3.785372
0.2,0.35,"[25, 25]",wasserstein,0.203932,3.796529
0.2,0.2,"[10, 100]","['wasserstein', 'jm', 'hellinger']",0.203611,3.807285
0.2,0.2,"[10, 100]","['jm', 'hellinger']",0.203315,3.797655
0.2,0.2,"[10, 100]","['wasserstein', 'hellinger']",0.202993,3.789103
0.2,0.2,"[10, 100]","['wasserstein', 'jm']",0.202592,3.780501
0.2,0.2,"[10, 100]",hellinger,0.202308,3.771843
0.2,0.2,"[10, 100]",jm,0.201978,3.783239
0.2,0.2,"[10, 100]",wasserstein,0.201602,3.794667
0.2,0.2,"[50, 50]","['wasserstein', 'jm', 'hellinger']",0.201249,3.805676
0.2,0.2,"[50, 50]","['jm', 'hellinger']",0.200941,3.795842
0.2,0.2,"[50, 50]","['wasserstein', 'hellinger']",0.200627,3.787142
0.2,0.2,"[50, 50]","['wasserstein', 'jm']",0.200293,3.778359
0.2,0.2,"[50, 50]",hellinger,0.199978,3.769411
0.2,0.2,"[50, 50]",jm,0.199675,3.781107
0.2,0.2,"[50, 50]",wasserstein,0.199333,3.792883
0.2,0.2,"[100, 10]","['wasserstein', 'jm', 'hellinger']",0.19897,3.8042
0.2,0.2,"[100, 10]","['jm', 'hellinger']",0.198645,3.794188
0.2,0.2,"[100, 10]","['wasserstein', 'hellinger']",0.198322,3.785281
0.2,0.2,"[100, 10]","['wasserstein', 'jm']",0.19797,3.776276
0.2,0.2,"[100, 10]",hellinger,0.197637,3.767239
0.2,0.2,"[100, 10]",jm,0.197307,3.779158
0.2,0.2,"[100, 10]",wasserstein,0.196946,3.79121
0.2,0.2,"[25, 25]","['wasserstein', 'jm', 'hellinger']",0.196564,3.802786
0.2,0.2,"[25, 25]","['jm', 'hellinger']",0.196229,3.792575
0.2,0.2,"[25, 25]","['wasserstein', 'hellinger']",0.195864,3.783483
0.2,0.2,"[25, 25]","['wasserstein', 'jm']",0.195457,3.77435
0.2,0.2,"[25, 25]",hellinger,0.195122,3.765053
0.2,0.2,"[25, 25]",jm,0.194776,3.777377
0.2,0.2,"[25, 25]",wasserstein,0.194395,3.78975
0.2,0.0,"[10, 100]","['wasserstein', 'jm', 'hellinger']",0.193992,3.80163
0.2,0.0,"[10, 100]","['jm', 'hellinger']",0.193625,3.791002
0.2,0.0,"[10, 100]","['wasserstein', 'hellinger']",0.193228,3.781541
0.2,0.0,"[10, 100]","['wasserstein', 'jm']",0.192743,3.772041
0.2,0.0,"[10, 100]",hellinger,0.192387,3.762484
0.2,0.0,"[10, 100]",jm,0.19198,3.775121
0.2,0.0,"[10, 100]",wasserstein,0.19152,3.787802
0.2,0.0,"[50, 50]","['wasserstein', 'jm', 'hellinger']",0.191086,3.800032
0.2,0.0,"[50, 50]","['jm', 'hellinger']",0.190701,3.789164
0.2,0.0,"[50, 50]","['wasserstein', 'hellinger']",0.190309,3.779565
0.2,0.0,"[50, 50]","['wasserstein', 'jm']",0.189893,3.769839
0.2,0.0,"[50, 50]",hellinger,0.189498,3.759978
0.2,0.0,"[50, 50]",jm,0.189117,3.772999
0.2,0.0,"[50, 50]",wasserstein,0.18869,3.786012
0.2,0.0,"[100, 10]","['wasserstein', 'jm', 'hellinger']",0.188239,3.798163
0.2,0.0,"[100, 10]","['jm', 'hellinger']",0.187831,3.786854
0.2,0.0,"[100, 10]","['wasserstein', 'hellinger']",0.187424,3.776777
0.2,0.0,"[100, 10]","['wasserstein', 'jm']",0.186983,3.766808
0.2,0.0,"[100, 10]",hellinger,0.186564,3.756595
0.2,0.0,"[100, 10]",jm,0.186146,3.770016
0.2,0.0,"[100, 10]",wasserstein,0.185694,3.783452
0.2,0.0,"[25, 25]","['wasserstein', 'jm', 'hellinger']",0.185216,3.796437
0.2,0.0,"[25, 25]","['jm', 'hellinger']",0.184791,3.784873
0.2,0.0,"[25, 25]","['wasserstein', 'hellinger']",0.184332,3.774565
0.2,0.0,"[25, 25]","['wasserstein', 'jm']",0.183825,3.764228
0.2,0.0,"[25, 25]",hellinger,0.183396,3.753724
0.2,0.0,"[25, 25]",jm,0.182956,3.767523
0.2,0.0,"[25, 25]",wasserstein,0.182476,3.781373
0.3,0.5,"[10, 100]","['wasserstein', 'jm', 'hellinger']",0.257658,3.82828
0.3,0.5,"[10, 100]","['jm', 'hellinger']",0.25745,3.822313
0.3,0.5,"[10, 100]","['wasserstein', 'hellinger']",0.257291,3.817071
0.3,0.5,"[10, 100]","['wasserstein', 'jm']",0.257052,3.811812
0.3,0.5,"[10, 100]",hellinger,0.256768,3.806464
0.3,0.5,"[10, 100]",jm,0.256485,3.813626
0.3,0.5,"[10, 100]",wasserstein,0.256172,3.820783
0.3,0.5,"[50, 50]","['wasserstein', 'jm', 'hellinger']",0.255896,3.827645
0.3,0.5,"[50, 50]","['jm', 'hellinger']",0.255623,3.821614
0.3,0.5,"[50, 50]","['wasserstein', 'hellinger']",0.255451,3.816251
0.3,0.5,"[50, 50]","['wasserstein', 'jm']",0.255185,3.810766
0.3,0.5,"[50, 50]",hellinger,0.254895,3.805343
0.3,0.5,"[50, 50]",jm,0.254592,3.812624
0.3,0.5,"[50, 50]",wasserstein,0.254269,3.819897
0.3,0.5,"[100, 10]","['wasserstein', 'jm', 'hellinger']",0.253984,3.82686
0.3,0.5,"[100, 10]","['jm', 'hellinger']",0.253691,3.820673
0.3,0.5,"[100, 10]","['wasserstein', 'hellinger']",0.253514,3.81525
0.3,0.5,"[100, 10]","['wasserstein', 'jm']",0.25323,3.809773
0.3,0.5,"[100, 10]",hellinger,0.25293,3.804294
0.3,0.5,"[100, 10]",jm,0.252592,3.811609
0.3,0.5,"[100, 10]",wasserstein,0.252259,3.818987
0.3,0.5,"[25, 25]","['wasserstein', 'jm', 'hellinger']",0.251965,3.826072
0.3,0.5,"[25, 25]","['jm', 'hellinger']",0.251707,3.81985
0.3,0.5,"[25, 25]","['wasserstein', 'hellinger']",0.251525,3.814332
0.3,0.5,"[25, 25]","['wasserstein', 'jm']",0.251241,3.808812
0.3,0.5,"[25, 25]",hellinger,0.250929,3.803232
0.3,0.5,"[25, 25]",jm,0.25059,3.810721
0.3,0.5,"[25, 25]",wasserstein,0.250247,3.818214
0.3,0.35,"[10, 100]","['wasserstein', 'jm', 'hellinger']",0.249943,3.82542
0.3,0.35,"[10, 100]","['jm', 'hellinger']",0.24969,3.819033
0.3,0.35,"[10, 100]","['wasserstein', 'hellinger']",0.249435,3.813386
0.3,0.35,"[10, 100]","['wasserstein', 'jm']",0.249144,3.807809
0.3,0.35,"[10, 100]",hellinger,0.248798,3.802091
0.3,0.35,"[10, 100]",jm,0.248525,3.809738
0.3,0.35,"[10, 100]",wasserstein,0.248171,3.817384
0.3,0.35,"[50, 50]","['wasserstein', 'jm', 'hellinger']",0.247886,3.82472
0.3,0.35,"[50, 50]","['jm', 'hellinger']",0.24759,3.818299
0.3,0.35,"[50, 50]","['wasserstein', 'hellinger']",0.247292,3.812629
0.3,0.35,"[50, 50]","['wasserstein', 'jm']",0.246968,3.806911
0.3,0.35,"[50, 50]",hellinger,0.246604,3.800958
0.3,0.35,"[50, 50]",jm,0.246301,3.808723
0.3,0.35,"[50, 50]",wasserstein,0.245948,3.816459
0.3,0.35,"[100, 10]","['wasserstein', 'jm', 'hellinger']",0.245633,3.823876
0.3,0.35,"[100, 10]","['jm', 'hellinger']",0.245326,3.817335
0.3,0.35,"[100, 10]","['wasserstein', 'hellinger']",0.245025,3.811567
0.3,0.35,"[100, 10]","['wasserstein', 'jm']",0.24469,3.805676
0.3,0.35,"[100, 10]",hellinger,0.244313,3.799708
0.3,0.35,"[100, 10]",jm,0.243978,3.80759
0.3,0.35,"[100, 10]",wasserstein,0.243613,3.815497
0.3,0.35,"[25, 25]","['wasserstein', 'jm', 'hellinger']",0.243286,3.823103
0.3,0.35,"[25, 25]","['jm', 'hellinger']",0.24298,3.816461
0.3,0.35,"[25, 25]","['wasserstein', 'hellinger']",0.24268,3.810622
0.3,0.35,"[25, 25]","['wasserstein', 'jm']",0.242341,3.804753
0.3,0.35,"[25, 25]",hellinger,0.241952,3.798739
0.3,0.35,"[25, 25]",jm,0.241635,3.806782
0.3,0.35,"[25, 25]",wasserstein,0.241257,3.814825
0.3,0.2,"[10, 100]","['wasserstein', 'jm', 'hellinger']",0.240918,3.822531
0.3,0.2,"[10, 100]","['jm', 'hellinger']",0.240634,3.815752
0.3,0.2,"[10, 100]","['wasserstein', 'hellinger']",0.240344,3.809475
0.3,0.2,"[10, 100]","['wasserstein', 'jm']",0.240023,3.803474
0.3,0.2,"[10, 100]",hellinger,0.239649,3.797396
0.3,0.2,"[10, 100]",jm,0.239336,3.805573
0.3,0.2,"[10, 100]",wasserstein,0.238966,3.81375
0.3,0.2,"[50, 50]","['wasserstein', 'jm', 'hellinger']",0.238597,3.821608
0.3,0.2,"[50, 50]","['jm', 'hellinger']",0.238297,3.814695
0.3,0.2,"[50, 50]","['wasserstein', 'hellinger']",0.237997,3.808589
0.3,0.2,"[50, 50]","['wasserstein', 'jm']",0.237678,3.802476
0.3,0.2,"[50, 50]",hellinger,0.237283,3.79631
0.3,0.2,"[50, 50]",jm,0.236871,3.804643
0.3,0.2,"[50, 50]",wasserstein,0.23652,3.812986
0.3,0.2,"[100, 10]","['wasserstein', 'jm', 'hellinger']",0.236122,3.82099
0.3,0.2,"[100, 10]","['jm', 'hellinger']",0.23579,3.813836
0.3,0.2,"[100, 10]","['wasserstein', 'hellinger']",0.23546,3.807707
0.3,0.2,"[100, 10]","['wasserstein', 'jm']",0.235091,3.80137
0.3,0.2,"[100, 10]",hellinger,0.234701,3.795067
0.3,0.2,"[100, 10]",jm,0.234279,3.803541
0.3,0.2,"[100, 10]",wasserstein,0.233914,3.812015
0.3,0.2,"[25, 25]","['wasserstein', 'jm', 'hellinger']",0.233501,3.820163
0.3,0.2,"[25, 25]","['jm', 'hellinger']",0.233154,3.813038
0.3,0.2,"[25, 25]","['wasserstein', 'hellinger']",0.232808,3.806699
0.3,0.2,"[25, 25]","['wasserstein', 'jm']",0.232459,3.800331
0.3,0.2,"[25, 25]",hellinger,0.232035,3.793904
0.3,0.2,"[25, 25]",jm,0.231686,3.802548
0.3,0.2,"[25, 25]",wasserstein,0.231296,3.811155
0.3,0.0,"[10, 100]","['wasserstein', 'jm', 'hellinger']",0.230868,3.819439
0.3,0.0,"[10, 100]","['jm', 'hellinger']",0.230534,3.812233
0.3,0.0,"[10, 100]","['wasserstein', 'hellinger']",0.230193,3.805717
0.3,0.0,"[10, 100]","['wasserstein', 'jm']",0.22982,3.799155
0.3,0.0,"[10, 100]",hellinger,0.229389,3.792621
0.3,0.0,"[10, 100]",jm,0.229022,3.801424
0.3,0.0,"[10, 100]",wasserstein,0.228595,3.810229
0.3,0.0,"[50, 50]","['wasserstein', 'jm', 'hellinger']",0.228168,3.818679
0.3,0.0,"[50, 50]","['jm', 'hellinger']",0.227815,3.811292
0.3,0.0,"[50, 50]","['wasserstein', 'hellinger']",0.227462,3.804729
0.3,0.0,"[50, 50]","['wasserstein', 'jm']",0.227088,3.798153
0.3,0.0,"[50, 50]",hellinger,0.226632,3.791482
0.3,0.0,"[50, 50]",jm,0.226156,3.800465
0.3,0.0,"[50, 50]",wasserstein,0.225746,3.809433
0.3,0.0,"[100, 10]","['wasserstein', 'jm', 'hellinger']",0.225286,3.818084
0.3,0.0,"[100, 10]","['jm', 'hellinger']",0.224897,3.810466
0.3,0.0,"[100, 10]","['wasserstein', 'hellinger']",0.224509,3.803821
0.3,0.0,"[100, 10]","['wasserstein', 'jm']",0.224078,3.796942
0.3,0.0,"[100, 10]",hellinger,0.223624,3.790024
0.3,0.0,"[100, 10]",jm,0.223136,3.799173
0.3,0.0,"[100, 10]",wasserstein,0.222709,3.808338
0.3,0.0,"[25, 25]","['wasserstein', 'jm', 'hellinger']",0.22223,3.817165
0.3,0.0,"[25, 25]","['jm', 'hellinger']",0.221822,3.809405
0.3,0.0,"[25, 25]","['wasserstein', 'hellinger']",0.221413,3.802592
0.3,0.0,"[25, 25]","['wasserstein', 'jm']",0.221003,3.795724
0.3,0.0,"[25, 25]",hellinger,0.22051,3.788738
0.3,0.0,"[25, 25]",jm,0.220098,3.798068
0.3,0.0,"[25, 25]",wasserstein,0.219641,3.807413
0.5,0.5,"[10, 100]","['wasserstein', 'jm', 'hellinger']",0.302291,3.850379
0.5,0.5,"[10, 100]","['jm', 'hellinger']",0.301953,3.845549
0.5,0.5,"[10, 100]","['wasserstein', 'hellinger']",0.301611,3.841257
0.5,0.5,"[10, 100]","['wasserstein', 'jm']",0.301276,3.836917
0.5,0.5,"[10, 100]",hellinger,0.300951,3.832551
0.5,0.5,"[10, 100]",jm,0.300638,3.838192
0.5,0.5,"[10, 100]",wasserstein,0.300321,3.843835
0.5,0.5,"[50, 50]","['wasserstein', 'jm', 'hellinger']",0.299995,3.849233
0.5,0.5,"[50, 50]","['jm', 'hellinger']",0.299654,3.844264
0.5,0.5,"[50, 50]","['wasserstein', 'hellinger']",0.299323,3.839881
0.5,0.5,"[50, 50]","['wasserstein', 'jm']",0.298998,3.835452
0.5,0.5,"[50, 50]",hellinger,0.298665,3.831039
0.5,0.5,"[50, 50]",jm,0.298341,3.836715
0.5,0.5,"[50, 50]",wasserstein,0.298005,3.842419
0.5,0.5,"[100, 10]","['wasserstein', 'jm', 'hellinger']",0.29767,3.847878
0.5,0.5,"[100, 10]","['jm', 'hellinger']",0.297352,3.842765
0.5,0.5,"[100, 10]","['wasserstein', 'hellinger']",0.297026,3.838293
0.5,0.5,"[100, 10]","['wasserstein', 'jm']",0.296724,3.833814
0.5,0.5,"[100, 10]",hellinger,0.296382,3.829298
0.5,0.5,"[100, 10]",jm,0.296037,3.835101
0.5,0.5,"[100, 10]",wasserstein,0.295693,3.840881
0.5,0.5,"[25, 25]","['wasserstein', 'jm', 'hellinger']",0.295349,3.846421
0.5,0.5,"[25, 25]","['jm', 'hellinger']",0.294996,3.841319
0.5,0.5,"[25, 25]","['wasserstein', 'hellinger']",0.294655,3.836792
0.5,0.5,"[25, 25]","['wasserstein', 'jm']",0.29431,3.83229
0.5,0.5,"[25, 25]",hellinger,0.293959,3.827739
0.5,0.5,"[25, 25]",jm,0.293594,3.833614
0.5,0.5,"[25, 25]",wasserstein,0.293248,3.839474
0.5,0.35,"[10, 100]","['wasserstein', 'jm', 'hellinger']",0.292895,3.845045
0.5,0.35,"[10, 100]","['jm', 'hellinger']",0.292522,3.839868
0.5,0.35,"[10, 100]","['wasserstein', 'hellinger']",0.292143,3.83526
0.5,0.35,"[10, 100]","['wasserstein', 'jm']",0.291773,3.830629
0.5,0.35,"[10, 100]",hellinger,0.291413,3.825976
0.5,0.35,"[10, 100]",jm,0.291065,3.831943
0.5,0.35,"[10, 100]",wasserstein,0.290713,3.837835
0.5,0.35,"[50, 50]","['wasserstein', 'jm', 'hellinger']",0.29035,3.843506
0.5,0.35,"[50, 50]","['jm', 'hellinger']",0.289973,3.838332
0.5,0.35,"[50, 50]","['wasserstein', 'hellinger']",0.289606,3.833727
0.5,0.35,"[50, 50]","['wasserstein', 'jm']",0.289245,3.82913
0.5,0.35,"[50, 50]",hellinger,0.288875,3.824471
0.5,0.35,"[50, 50]",jm,0.288515,3.83049
0.5,0.35,"[50, 50]",wasserstein,0.288143,3.836504
0.5,0.35,"[100, 10]","['wasserstein', 'jm', 'hellinger']",0.28777,3.842289
0.5,0.35,"[100, 10]","['jm', 'hellinger']",0.287416,3.837047
0.5,0.35,"[100, 10]","['wasserstein', 'hellinger']",0.287052,3.832356
0.5,0.35,"[100, 10]","['wasserstein', 'jm']",0.286715,3.82773
0.5,0.35,"[100, 10]",hellinger,0.286335,3.823003
0.5,0.35,"[100, 10]",jm,0.285951,3.82909
0.5,0.35,"[100, 10]",wasserstein,0.285568,3.835181
0.5,0.35,"[25, 25]","['wasserstein', 'jm', 'hellinger']",0.285186,3.841017
0.5,0.35,"[25, 25]","['jm', 'hellinger']",0.284794,3.835674
0.5,0.35,"[25, 25]","['wasserstein', 'hellinger']",0.284415,3.830973
0.5,0.35,"[25, 25]","['wasserstein', 'jm']",0.28403,3.826212
0.5,0.35,"[25, 25]",hellinger,0.283639,3.821492
0.5,0.35,"[25, 25]",jm,0.283233,3.827672
0.5,0.35,"[25, 25]",wasserstein,0.282848,3.833851
0.5,0.2,"[10, 100]","['wasserstein', 'jm', 'hellinger']",0.282454,3.839781
0.5,0.2,"[10, 100]","['jm', 'hellinger']",0.28204,3.834379
0.5,0.2,"[10, 100]","['wasserstein', 'hellinger']",0.28162,3.829565
0.5,0.2,"[10, 100]","['wasserstein', 'jm']",0.281208,3.824678
0.5,0.2,"[10, 100]",hellinger,0.280806,3.819859
0.5,0.2,"[10, 100]",jm,0.280417,3.826114
0.5,0.2,"[10, 100]",wasserstein,0.280024,3.832367
0.5,0.2,"[50, 50]","['wasserstein', 'jm', 'hellinger']",0.27962,3.83836
0.5,0.2,"[50, 50]","['jm', 'hellinger']",0.2792,3.832918
0.5,0.2,"[50, 50]","['wasserstein', 'hellinger']",0.27879,3.82807
0.5,0.2,"[50, 50]","['wasserstein', 'jm']",0.278387,3.823217
0.5,0.2,"[50, 50]",hellinger,0.277974,3.818327
0.5,0.2,"[50, 50]",jm,0.277571,3.82469
0.5,0.2,"[50, 50]",wasserstein,0.277155,3.831047
0.5,0.2,"[100, 10]","['wasserstein', 'jm', 'hellinger']",0.276739,3.837128
0.5,0.2,"[100, 10]","['jm', 'hellinger']",0.276342,3.83157
0.5,0.2,"[100, 10]","['wasserstein', 'hellinger']",0.275934,3.82665
0.5,0.2,"[100, 10]","['wasserstein', 'jm']",0.275554,3.82171
0.5,0.2,"[100, 10]",hellinger,0.27513,3.81678
0.5,0.2,"[100, 10]",jm,0.274701,3.823219
0.5,0.2,"[100, 10]",wasserstein,0.274273,3.829662
0.5,0.2,"[25, 25]","['wasserstein', 'jm', 'hellinger']",0.273845,3.835776
0.5,0.2,"[25, 25]","['jm', 'hellinger']",0.273407,3.830158
0.5,0.2,"[25, 25]","['wasserstein', 'hellinger']",0.272981,3.8252
0.5,0.2,"[25, 25]","['wasserstein', 'jm']",0.27255,3.820141
0.5,0.2,"[25, 25]",hellinger,0.272113,3.815192
0.5,0.2,"[25, 25]",jm,0.271659,3.82169
0.5,0.2,"[25, 25]",wasserstein,0.271226,3.828226
0.5,0.0,"[10, 100]","['wasserstein', 'jm', 'hellinger']",0.270786,3.834483
0.5,0.0,"[10, 100]","['jm', 'hellinger']",0.270322,3.828798
0.5,0.0,"[10, 100]","['wasserstein', 'hellinger']",0.269852,3.82374
0.5,0.0,"[10, 100]","['wasserstein', 'jm']",0.269391,3.818644
0.5,0.0,"[10, 100]",hellinger,0.268941,3.813434
0.5,0.0,"[10, 100]",jm,0.268503,3.820039
0.5,0.0,"[10, 100]",wasserstein,0.268062,3.826666
0.5,0.0,"[50, 50]","['wasserstein', 'jm', 'hellinger']",0.267608,3.833019
0.5,0.0,"[50, 50]","['jm', 'hellinger']",0.267137,3.827155
0.5,0.0,"[50, 50]","['wasserstein', 'hellinger']",0.266677,3.822012
0.5,0.0,"[50, 50]","['wasserstein', 'jm']",0.266223,3.816821
0.5,0.0,"[50, 50]",hellinger,0.265759,3.811615
0.5,0.0,"[50, 50]",jm,0.265306,3.81833
0.5,0.0,"[50, 50]",wasserstein,0.264838,3.825053
0.5,0.0,"[100, 10]","['wasserstein', 'jm', 'hellinger']",0.26437,3.831469
0.5,0.0,"[100, 10]","['jm', 'hellinger']",0.263922,3.825558
0.5,0.0,"[100, 10]","['wasserstein', 'hellinger']",0.263463,3.820325
0.5,0.0,"[100, 10]","['wasserstein', 'jm']",0.263033,3.815002
0.5,0.0,"[100, 10]",hellinger,0.262555,3.809707
0.5,0.0,"[100, 10]",jm,0.262072,3.816516
0.5,0.0,"[100, 10]",wasserstein,0.26159,3.823357
0.5,0.0,"[25, 25]","['wasserstein', 'jm', 'hellinger']",0.261108,3.829821
0.5,0.0,"[25, 25]","['jm', 'hellinger']",0.260615,3.82378
0.5,0.0,"[25, 25]","['wasserstein', 'hellinger']",0.260135,3.818502
0.5,0.0,"[25, 25]","['wasserstein', 'jm']",0.259648,3.813171
0.5,0.0,"[25, 25]",hellinger,0.259155,3.807796
0.5,0.0,"[25, 25]",jm,0.258644,3.814715
0.5,0.0,"[25, 25]",wasserstein,0.258156,3.821642
